{"cameraMode":{"drawMode":0,"name":"Shaded","section":"Shading Mode"},"sceneLighting":true,"audioPlay":false,"sceneViewState":{"m_AlwaysRefresh":false,"showFog":false,"showSkybox":false,"showFlares":false,"showImageEffects":false,"showParticleSystems":false,"showVisualEffectGraphs":true,"m_FxEnabled":true},"in2DMode":false,"pivot":{"x":-15.218562126159668,"y":0.3047333359718323,"z":66.69409942626953},"rotation":{"x":-0.03050527721643448,"y":0.0811740905046463,"z":-0.0024882168509066107,"w":-0.9962925910949707},"size":40.093135833740237,"orthographic":false}